,average,std
nearest_centroid,0.5644693471590234,0.002711476385544432
random_forest,0.8007704847749666,0.004139314026390419
svc,0.7841018358558964,0.005007544857707037
